Player,Rank
Fernando Mendoza,1
Arvell Reese,2
Rueben Bain,3
Francis Mauigoa,4
David Bailey,5
Spencer Fano,6
Carnell Tate,7
Caleb Downs,8
Jeremiyah Love,9
Mansoor Delane,10
Jordyn Tyson,11
Sonny Styles,12
Makai Lemon,13
Jermod McCoy,14
Keldric Faulk,15
Olaivavega Ioane,16
Peter Woods,17
Cashius Howell,18
Kenyon Sadiq,19
Kadyn Proctor,20
Avieon Terrell,21
Denzel Boston,22
Caleb Lomu,23
Caleb Banks,24
Akheem Mesidor,25
KC Concepcion,26
TJ Parker,27
CJ Allen,28
Kayden McDonald,29
Monroe Freeling,30
Ty Simpson,31
Emmanuel McNeil-Warren,32
Colton Hood,33
Brandon Cisse,34
Lee Hunter,35
Dillon Thieneman,36
Blake Miller,37
Emmanuel Pregnon,38
Zion Young,39
Max Iheanachor,40
Omar Cooper Jr,41
R Mason Thomas,42
Anthony Hill Jr,43
Chase Bisontis,44
Christen Miller,45
Chris Johnson,46
Malachi Fields,47
Keith Abney II,48
Zachariah Branch,49
Chris Brazzell,50
Chris Bell,51
Gennings Dunker,52
Jake Golday,53
Jadarian Price,54
Keionte Scott,55
Elijah Sarratt,56
Jacob Rodriguez,57
Germie Bernard,58
Gabe Jacas,59
D'angelo Ponds,60
LT Overton,61
AJ Haulcy,62
Eli Stowers,63
Derrick Moore,64
Josiah Trotter,65
Connor Lew,66
Joshua Josephs,67
Caleb Tiernan,68
Antonio Williams,69
Darrell Jackson Jr,70
Davison Igbinosun,71
Garrett Nussmeier,72
Romello Height,73
Kamari Ramsey,74
Domonique Orange,75
Jonah Coleman,76
Emmett Johnson,77
Kyle Louis,78
Max Klare,79
Dani Dennis-Sutton,80
Jake Slaughter,81
Malik Muhammad,82
Genesis Smith,83
Ted Hurst,84
Devin Moore,85
Zakee Wheatley,86
Michael Trigg,87
Brian Parker II,88
Julian Neal,89
Keylan Rutledge,90
Skyler Bell,91
Sam Hecht,92
Ja'Kobi Lane,93
Treydan Stukes,94
Chandler Rivers,95
Malachi Lawrence,96
Isaiah World,97
Deontae Lawson,98
Will Lee III,99
Dontay Corleone,100
Justin Joly,101
Deion Burks,102
Dametrious Crownover,103
Bud Clark,104
Daylen Everette,105
Logan Jones,106
Austin Barber,107
Drew Allar,108
Brenen Thompson,109
Mike Washington Jr,110
Drew Shelton,111
Jalon Kilgore,112
Kage Casey,113
Tim Keenan III,114
Keyron Crawford,115
Harold Perkins Jr,116
Gracen Halton,117
Nick Singleton,118
Kaytron Allen,119
Oscar Delp,120
Beau Stephens,121
Parker Brailsford,122
Cole Payton,123
Carson Beck,124
Billy Schrauth,125
Jalen Farmer,126
Taurean York,127
Anthony Lucas,128
Kevin Coleman Jr,129
Michael Taaffe,130
Tyreak Sapp,131
Josh Cameron,132
Rayshaun Benny,133
Chris McClellan,134
Louis Moore,135
JC Davis,136
Jack Endries,137
Joe Royer,138
Zane Durant,139
Reggie Virgil,140
Pat Coogan,141
Jadon Canady,142
De'Zhaun Stribling,143
Bryce Lance,144
Jude Bowry,145
Dallen Bentley,146
Bishop Fitzgerald,147
Jaishawn Barham,148
Sam Roush,149
Tanner Koziol,150
Bryce Boettcher,151
Nate Boerkircher,152
Vincent Anthony Jr,153
Mikail Kamara,154
Kaelon Black,155
Ephesians Prysock,156
Hezekiah Masses,157
Jeremiah Wright,158
Nadame Tucker,159
Max Llewellyn,160
DeMonte Capehart,161
Trey Zuhn III,162
Ahmari Harvey,163
Skyler Gill-Howard,164
Dae'Quan Wright,165
Kendrick Law,166
Jalon Daniels,167
John Michael Gyllenborg,168
Caden Curry,169
Sawyer Robertson,170
Eric McAlister,171
Tacario Davis,172
Lander Barton,173
Taylen Green,174
TJ Hall,175
DJ Campbell,176
CJ Daniels,177
Aiden Fisher,178
Zxavian Harris,179
Albert Regis,180
Keyshaun Elliott,181
Fernando Carmona,182
Eli Raridon,183
VJ Payne,184
Ar'maj Reed-Adams,185
Roman Hemby,186
Markel Bell,187
Thaddeus Dixon,188
Matt Gulbin,189
Deven Eastern,190
Josh Cuevas,191
Jager Burton,192
Barion Brown,193
Riley Nowakowski,194
Jaeden Roberts,195
Lewis Bond,196
Jakobe Thomas,197
Kendal Daniels,198
Domani Jackson,199
Aamil Wagner,200
Adam Randall,201
Kaden Wetjen,202
Eric Gentry,203
Cade Klubnik,204
Keagen Trost,205
Jalen Huskey,206
Xavier Nwankpa,207
Devon Marshall,208
J'Mari Taylor,209
Demond Claiborne,210
Tyren Montgomery,211
Robert Henry Jr,212
Fa'alili Fa'amoe,213
Marlin Klein,214
Landon Robinson,215
Chase Roberts,216
Charles Demmings,217
Anez Cooper,218
Nick Barrett,219
Tristan Leigh,220
Cole Wisniewski,221
Mason Reiger,222
Kaleb Proctor,223
Riley Mahlman,224
Kaleb Elarms-Orr,225
Le'Veon Moss,226
Febechi Nwaiwu,227
David Gusta,228
Xavian Sorey Jr,229
Jack Kelly,230
James Brockermeyer,231
Jeadyn Lukus,232
Andre Fuller,233
Seth McGowan,234
Caleb Douglas,235
Eli Heidenreich,236
Quintayvious Hutchins,237
Aaron Anderson,238
Luke Altmyer,239
Jordan Hudson,240
Colbie Young,241
Jalen McMurray,242
Cyrus Allen,243
Tyler Onyedim,244
Devan Boykin,245
Justin Jefferson,246
Logan Fano,247
Cameron Ball,248
Keeshawn Silver,249
Carver Willis,250
Trey Moore,251
Robert Spears-Jennings,252
Jalen Stroman,253
Connor Tollison,254
Logan Taylor,255
Dan Villari,256
Nyjalik Kelly,257
Namdi Obiazor,258
Drew Stevens,259
Scooby Williams,260
Luke Basso,261
Will Kacmarek,262
Bryson Eason,263
Fred Davis II,264
Beau Gardner,265
Caullin Lacy,266
Devin Voisin,267
Will Ferrin,268
Alex Harkey,269
Keyshawn James-Newby,270
Miller Moss,271
Harrison Wallace III,272
Jeffrey M'ba,273
Micah Morris,274
Ryan Eckley,275
Emmanuel Henderson,276
Ceyair Wright,277
Devonta Smith,278
Zavion Thomas,279
Noah Whittington,280
Dane Key,281
Collin Wright,282
Jimmy Rolder,283
Jaydn Ott,284
Joey Aguilar,285
Brandon Cleveland,286
Wesley Bissainthe,287
Jakari Foster,288
Kejon Owens,289
TJ Guy,290
Jalen Catalon,291
RJ Maryland,292
Jaylon Guilbeau,293
James Neal,294
DQ Smith,295
Marcus Allen,296
Behren Morton,297
Giovanni El-Hadi,298
Malik Benson,299
Caden Fordham,300
Austin Brown,301
Kolbey Taylor,302
Travis Burke,303
Michael Heldman,304
Tommy Doman,305
West Weeks,306
Aidan Hubbard,307
Karson Sharar,308
Bauer Sharp,309
David Blay,310
Jack Stonehouse,311
Declan Williams,312
Tyler Duzansky,313
Jarod Washington,314
Jackson Kuwatch,315
Garrison Grimes,316
Chip Trayanum,317
Kentrel Bullock,318
Gary Smith III,319
Dillon Wade,320
Michael Wortham,321
Joe Cooper,322
Evan Beerntsen,323
Joe Fagnano,324
Patrick Payton,325
Myles Rowser,326
Dalton Johnson,327
James Thompson Jr,328
DeShon Singleton,329
Eric Rivers,330
Chris Hilton,331
Caden Barnett,332
Hank Beatty,333
Jayden Williams,334
Josh Moten,335
Jamarion Miller,336
Aaron Hall,337
Trey Smack,338
Carsen Ryan,339
Damonic Williams,340
Dontae Balfour,341
Dominic Zvada,342
Keelan Marion,343
Terry Webb,344
Curtis Allen,345
Eric O'Neill,346
CJ Donaldson,347
Cole Brevard,348
Jack Pyburn,349
Athan Kaliakmanis,350
Aaron Graves,351
Blake Cotton,352
Seydou Traore,353
Garrett DiGiorgio,354
Jeff Caldwell,355
Diego Pavia,356
DJ Harvey,357
Red Murdock,358
Jacob Thomas,359
Nolan Rucci,360
Khalil Dinkins,361
Vinny Anthony II,362
Owen Heinecke,363
Ethan Onianwa,364
Reuben Unije,365
Alan Herron,366
Delby Lemieux,367
Romello Brinson,368
Kalil Alexander,369
Wesley Williams,370
Jackie Marshall,371
Mark Gronowski,372
Jamal Haynes,373
Skyler Thomas,374
Jaden Dugger,375
Isaiah Nwokobia,376
Kobe Baynes,377
Desmond Reid,378
George Gumbs Jr,379
JMichael Sturdivant,380
Noah Thomas,381
Ka'ena Decambra,382
Max Bredeson,383
Lake McRee,384
Bryan Thomas Jr,385
Dillon Bell,386
Joshua Braun,387
Jerry Wilson,388
Tomas Rimac,389
Haynes King,390
Izavion Miller,391
Palmer Williams,392
Brett Thorson,393
Squirrel White,394
PJ Williams,395
Ricardo Hallman,396
Lance Mason,397
Wydett Williams Jr,398
Dorion Strawn,399
Jahiem Lawson,400
Ethan Burke,401
Brent Austin,402
Josh Thompson,403
Avery Smith,404
Derek Simmons,405
Diego Pounds,406
Miles Kitselman,407
Bryce Foster,408
Jaren Kanak,409
Wendell Moe Jr,410
Dean Connors,411
Tyre West,412
Cian Slone,413
Miles Scott,414
Rene Konga,415
Micah Pettus,416
Michael Kilbane,417
Matthew Hibner,418
Tanner Arkin,419
DJ Rogers,420
Dominic Bailey,421
Jameson Geers,422
Griffin Wilde,423
Rahsul Faison,424
Dayon Hayes,425
Jalil Farooq,426
Devean Deal,427
Rocco Spindler,428
Marvin Jones Jr,429
Ahmaad Moses,430
Isaiah Jatta,431
Toriano Pride,432
Dariel Djabome,433
Jayden Virgin-Morgan,434
Chris Adams,435
Jordan van den Berg,436
Clay Patterson,437
Sabastian Harsh,438
Jalen Walthall,439
Terion Stewart,440
Thomas Castellanos,441
Tyreek Chappell,442
Trebor Pena,443
Jake Retzlaff,444
Kyron Drones,445
Ben Bell,446
Davion Carter,447
Jack Velling,448
Luke Petitbon,449
Dasan McCullough,450
Jordan Hall,451
Hykeem Williams,452
Ayden Williams,453
Jason Moore,454
Robert Stafford,455
Edric Hill,456
Brenan Vernon,457
Ja'Keem Jackson,458
Bravion Rogers,459
Jameial Lyons,460
Jaiden Ausberry,461
Troy Bowles,462
Derion Gullette,463
Nathan Leacock,464
Raymond Cottrell,465
Ryan Niblett,466
Makari Vickers,467
Lewis Carter,468
Samuel M'Pemba,469
Bai Jobe,470
Markee Anderson,471
Braylon James,472
Shelton Sampson Jr,473
Cordale Russell,474
Jaylon Braxton,475
Jaybron Harvey,476
Tyler White,477
Joshua Padilla,478
Shamurad Umarov,479
Daevin Hobbs,480
Colton Vasek,481
Calvin Simpson-Hunt,482
Calvin Clements,483
Grayson Loftis,484
Conor Talty,485
Brock Taylor,486
Brandon Henderson,487
Declan Duley,488
Sedrick Alexander,489
James Durand,490
A'Marion McCoy,491
Martel Hight,492
Ryder Burns,493
Kansei Matsuzawa,494
Davin Stoffel,495
Zach Rice,496
Travis Shaw,497
Denver Harris,498
Quency Wiggins,499
Zion Branch,500
Dayne Shor,501
Justice Finkley,502
CJ Williams,503
Maalik Murphy,504
Khurtiss Perry,505
Popeye Williams,506
Malick Sylla,507
Julian Armella,508
Jaylon Glover,509
Branson Robinson,510
Cole Hutson,511
Kobe Prentice,512
JQ Hardaway,513
Keaten Wade,514
Braylin Presley,515
Kaleb Brown,516
Amari Niblack,517
Kyion Grayes,518
Kam Dewberry,519
Antonio Gates Jr,520
Jamari Lyons,521
Jacolby Spells,522
Collin Sadler,523
Holden Staes,524
Cam Miller,525
Shawn Murphy,526
Tobias Merriweather,527
Omari Abor,528
TreVonte Citizen,529
Braxton Fely,530
Van Wells,531
Malik Spencer,532
Deshaun Lee,533
Max Fletcher,534
Tyler Perkins,535
Andrew Paul,536
Cade McConnell,537
Josh Kattus,538
Jeremiah Earby,539
John Bock II,540
Darren Agu,541
Owen McCown,542
Pichon Wimbley,543
Justus Ross-Simmons,544
Wade Woodaz,545
Kam Olds,546
Robert Gunn,547
Gavin Gibson,548
Richard Reese,549
Savion Red,550
Bryce McFerson,551
Alex McPherson,552
Eddie Kelly,553
Kyron Barnes,554
Nate Johnson,555
Cameron Robertson,556
Lance St Louis,557
Bryan McCoy,558
Jackson Lee,559
Nate Merchant,560
Jordan Pollard,561
Eli Stein,562
Liam Becher,563
Omar Aigbedion,564
Maurice Westmoreland,565
Desmeal Leigh,566
Quinten Christensen,567
Damon Payne,568
Sage Ryan,569
Korey Foreman,570
Kadarius Calloway,571
Elliot Donald,572
Ethan Calvert,573
JoJo Earle,574
Keli Lawson,575
Armoni Goodwin,576
Marcus Burris,577
Cade Denhoff,578
Byron Cardwell,579
Lorenzo Styles Jr,580
Dacari Collins,581
Keanu Koht,582
Teddy Prochazka,583
Damarius McGhee,584
Jaylin Davies,585
David Daniel-Sisavanh,586
Avante Dickerson,587
JP Benzschawel,588
Deion Colzie,589
Shadrach Banks,590
Kaidon Salter,591
Zen Michalski,592
Jonathan Jefferson,593
Trevion Cooley,594
Bryce Carter,595
Prince Kollie,596
Raheem Anderson,597
Preston Stone,598
Reuben Fatheree II,599
Jeremiah Williams,600
Savion Byrd,601
Raesjon Davis,602
Clayton Smith,603
Christian Leary,604
Zaire Patterson,605
Tywone Malone,606
Terrence Ferguson II,607
Kyron Ware-Hudson,608
Malik McClain,609
Latrell McCutchin,610
Kelvin Gilliam,611
Ty Thompson,612
Bram Walden,613
LJ Johnson Jr,614
Reid Carrico,615
Nyland Green,616
Gabriel Rubio,617
Jayden Ballard,618
Jaden Keller,619
Jason Henderson,620
Ryan Mosesso,621
Barika Kpeenu,622
Shyheim Brown,623
Daylan Carnell,624
Dylan Rosiek,625
Logan Diggs,626
Roy Williams,627
Sean Brown,628
Joseph Manjack IV,629
Jordan Favors,630
Khordae Sydnor,631
Rara Thomas,632
Andrel Anthony,633
Darian Chestnut,634
Chamon Metayer,635
Mason Murphy,636
Jared Brown,637
Jayden Thomas,638
Alton McCaskill IV,639
Tiaoalii Savea,640
Jerand Bradley,641
Cade Zimmerly,642
Preston Hodge,643
Kamryn Waites,644
Ashton Grable,645
Bruno Onwuazor,646
Bert Auburn,647
Ross James,648
Max Tomzcak,649
Tony Grimes,650
EJ Smith,651
Malcolm Greene,652
Bangally Kamara,653
Drew Pyne,654
Jeff Sims,655
Xavion Alford,656
Chad Lindberg,657
Demon Clowney,658
Tosh Baker,659
EJ Williams,660
Aki Ogunbiyi,661
Tyler Van Dyke,662
Roydell Williams,663
Walker Parks,664
Key Lawrence,665
Turner Corcoran,666
Zykeivous Walker,667
Reggie Grimes,668
Stephen Dix Jr,669
Leon Lowery Jr,670
Cam Porter,671
Devin Neal,672
Karon Prunty,673
Jordan White,674
Xavier Hill,675
Jimari Butler,676
Nick Dawkins,677
Nate Rutchena,678
Gilber Edmond,679
Ja'Mori Maclin,680
Payton Zdroik,681
Dominic Richardson,682
Stefon Thompson,683
Hunter Zambrano,684
Will Shaffer,685
Jahmeer Carter,686
Courtland Ford,687
Jalen Berger,688
DJ Graham,689
Tyree Skipper,690
Alex Wollschlaeger,691
Tay Yanta II,692
Tavian Coleman,693
Matthew Sluka,694
Cade McNamara,695
Donavon Greene,696
Ja'Varrius Johnson,697
Zach Calzada,698
Matthew Bedford,699
Antonio Clary,700
Ben Coleman,701
Isheem Young,702
Dequan Finn,703